ID,Keyword,Category
1,epoxy flooring contractor,Epoxy
2,garage epoxy installer,Epoxy
3,industrial epoxy flooring,Epoxy
4,commercial epoxy flooring,Epoxy
5,resin flooring contractor,Epoxy
6,polyaspartic flooring,Epoxy
7,polyurea floor coating,Epoxy
8,decorative epoxy floors,Epoxy
9,metallic epoxy flooring,Epoxy
10,flake epoxy flooring,Epoxy
11,concrete polishing contractor,Concrete
12,concrete grinding contractor,Concrete
13,concrete resurfacing contractor,Concrete
14,concrete repair contractor,Concrete
15,concrete sealing contractor,Concrete
16,decorative concrete contractor,Concrete
17,concrete staining contractor,Concrete
18,concrete finishing contractor,Concrete
19,shot blasting contractor,SurfacePrep
20,floor grinding contractor,SurfacePrep
21,auto repair shop,Automotive
22,car dealership service center,Automotive
23,auto body shop,Automotive
24,truck repair shop,Automotive
25,fleet maintenance facility,Automotive
26,manufacturing facility contractor,Industrial
27,warehouse contractor,Industrial
28,distribution center contractor,Industrial
29,industrial maintenance contractor,Industrial
30,industrial flooring installer,Industrial
